[{"pk": 1, "model": "fundrBase.profile", "fields": {"user": 1}}, {"pk": 1, "model": "fundrBase.project", "fields": {"image": "project_images/memes-ragers-wrap.jpg", "created": "2011-03-12 14:30:36", "name": "FireApp", "modified": "2011-03-12 14:30:36", "description": "This is a beatiful app.\r\n\r\nMade by Pear"}}, {"pk": 2, "model": "fundrBase.project", "fields": {"image": "project_images/streethints.jpg", "created": "2011-03-12 14:32:20", "name": "ImplosiveLove", "modified": "2011-03-12 14:32:20", "description": "Spil lavet af Tim Garbos og PressPlay"}}, {"pk": 3, "model": "fundrBase.project", "fields": {"image": "project_images/motivatorbusey.jpg", "created": "2011-03-12 14:35:42", "name": "PunchBeginnner", "modified": "2011-03-12 14:35:42", "description": "This is a project to Kick Whales on the Fins in 53 Ways!\r\nAlso you can donate to \"Indie\" project.\r\n\r\nMoney!"}}, {"pk": 4, "model": "fundrBase.project", "fields": {"image": "project_images/get_Info_custom_icon.jpeg", "created": "2011-03-12 18:35:55", "name": "FrejasApp", "modified": "2011-03-12 18:35:55", "description": "Freja har lavet en applikation\r\n"}}, {"pk": 1, "model": "fundrBase.membership", "fields": {"access": "Admin", "project": 1, "user": 1, "modified": "2011-03-12 14:30:36", "created": "2011-03-12 14:30:36"}}, {"pk": 2, "model": "fundrBase.membership", "fields": {"access": "Admin", "project": 2, "user": 1, "modified": "2011-03-12 14:32:20", "created": "2011-03-12 14:32:20"}}, {"pk": 3, "model": "fundrBase.membership", "fields": {"access": "Admin", "project": 3, "user": 1, "modified": "2011-03-12 14:35:43", "created": "2011-03-12 14:35:43"}}, {"pk": 4, "model": "fundrBase.membership", "fields": {"access": "Admin", "project": 4, "user": 1, "modified": "2011-03-12 18:35:55", "created": "2011-03-12 18:35:55"}}, {"pk": 2, "model": "fundrBase.feature", "fields": {"name": "Flere robotter", "created": "2011-03-12 14:32:46", "modified": "2011-03-12 14:32:46", "project": 2, "user": 1, "description": "Jeg vil gerne have flere robotter i spillet!\r\nPlease ;)"}}, {"pk": 3, "model": "fundrBase.feature", "fields": {"name": "Det er for sv\u00e6rt!", "created": "2011-03-12 14:33:39", "modified": "2011-03-12 14:33:39", "project": 2, "user": 1, "description": "Jeg d\u00f8r efter 15 sekunder.\r\nAk."}}, {"pk": 4, "model": "fundrBase.feature", "fields": {"name": "Mac Port", "created": "2011-03-12 14:34:15", "modified": "2011-03-12 14:34:15", "project": 2, "user": 1, "description": "Jeg vil gerne have portet spillet til Mac.\r\nJeg elsker Mac!"}}, {"pk": 5, "model": "fundrBase.feature", "fields": {"name": "Bicycle kick marsupials", "created": "2011-03-12 14:36:29", "modified": "2011-03-12 17:46:15", "project": 3, "user": 1, "description": "I would like to also be able to kick Bicycle Kick Marsupials!"}}, {"pk": 6, "model": "fundrBase.feature", "fields": {"name": "Support for .rar-files", "created": "2011-03-12 14:37:28", "modified": "2011-03-12 14:37:28", "project": 3, "user": 1, "description": "I would like this website to be able to extract .rar-files for me.\r\nWINRAR!"}}, {"pk": 7, "model": "fundrBase.feature", "fields": {"name": "More Gary Busey pictures", "created": "2011-03-12 14:38:21", "modified": "2011-03-12 14:38:21", "project": 3, "user": 1, "description": "Hi, I'm a HUGE fan of GARY BUSEY.\r\nCould you add more pictures of HIM to YOUR website? Pleeeeaaase!!!"}}, {"pk": 8, "model": "fundrBase.feature", "fields": {"name": "Add water", "created": "2011-03-12 14:39:42", "modified": "2011-03-12 14:39:42", "project": 1, "user": 1, "description": "I love fire, but also water.\r\nCould you add water to this app?"}}, {"pk": 9, "model": "fundrBase.feature", "fields": {"name": "Wood", "created": "2011-03-12 14:40:03", "modified": "2011-03-12 14:40:03", "project": 1, "user": 1, "description": "I love the color of wood. Please add wood."}}, {"pk": 10, "model": "fundrBase.feature", "fields": {"name": "Super Fun Time", "created": "2011-03-12 14:40:43", "modified": "2011-03-12 14:40:43", "project": 1, "user": 1, "description": "I just wanna donate to your project, I wanna do that through this feature request :D"}}, {"pk": 11, "model": "fundrBase.feature", "fields": {"name": "ALONE... ALWAYS", "created": "2011-03-12 18:19:49", "modified": "2011-03-12 18:26:47", "project": 1, "user": 1, "description": "O O\r\n 0"}}, {"pk": 12, "model": "fundrBase.feature", "fields": {"name": "Daft Punk-underl\u00e6gningsmusik", "created": "2011-03-12 18:24:53", "modified": "2011-03-12 18:26:39", "project": 1, "user": 1, "description": "Daft Punk kraftstejlemig en dejlig musikduo. Dem burde vi h\u00f8re noget mere af :)"}}, {"pk": 13, "model": "fundrBase.feature", "fields": {"name": "\"Da Funk\"-baggrundsmusik", "created": "2011-03-12 18:38:27", "modified": "2011-03-12 18:38:27", "project": 4, "user": 1, "description": "Den med Daft Punk!\r\nJeg dansede performance til den i Idr\u00e6t"}}, {"pk": 14, "model": "fundrBase.feature", "fields": {"name": "Mere Br\u00e6k (i sengen)", "created": "2011-03-12 18:39:13", "modified": "2011-03-12 18:39:13", "project": 4, "user": 1, "description": "Det lyder som en d\u00e5rlig oplevelse"}}, {"pk": 15, "model": "fundrBase.feature", "fields": {"name": "New feat", "created": "2011-03-12 20:25:29", "modified": "2011-03-12 20:25:29", "project": 4, "user": 1, "description": "Til freja"}}, {"pk": 2, "model": "fundrBase.featurestatusentry", "fields": {"status": "R", "feature": 2, "goal": "100", "modified": "2011-03-12 14:32:46", "created": "2011-03-12 14:32:46"}}, {"pk": 3, "model": "fundrBase.featurestatusentry", "fields": {"status": "R", "feature": 3, "goal": "100", "modified": "2011-03-12 14:33:39", "created": "2011-03-12 14:33:39"}}, {"pk": 4, "model": "fundrBase.featurestatusentry", "fields": {"status": "R", "feature": 4, "goal": "100", "modified": "2011-03-12 14:34:15", "created": "2011-03-12 14:34:15"}}, {"pk": 5, "model": "fundrBase.featurestatusentry", "fields": {"status": "A", "feature": 5, "goal": "100", "modified": "2011-03-12 17:46:15", "created": "2011-03-12 14:36:29"}}, {"pk": 6, "model": "fundrBase.featurestatusentry", "fields": {"status": "R", "feature": 6, "goal": "100", "modified": "2011-03-12 14:37:28", "created": "2011-03-12 14:37:28"}}, {"pk": 7, "model": "fundrBase.featurestatusentry", "fields": {"status": "R", "feature": 7, "goal": "100", "modified": "2011-03-12 14:38:21", "created": "2011-03-12 14:38:21"}}, {"pk": 8, "model": "fundrBase.featurestatusentry", "fields": {"status": "R", "feature": 8, "goal": "100", "modified": "2011-03-12 14:39:42", "created": "2011-03-12 14:39:42"}}, {"pk": 9, "model": "fundrBase.featurestatusentry", "fields": {"status": "R", "feature": 9, "goal": "100", "modified": "2011-03-12 14:40:03", "created": "2011-03-12 14:40:03"}}, {"pk": 10, "model": "fundrBase.featurestatusentry", "fields": {"status": "R", "feature": 10, "goal": "100", "modified": "2011-03-12 14:40:43", "created": "2011-03-12 14:40:43"}}, {"pk": 11, "model": "fundrBase.featurestatusentry", "fields": {"status": "A", "feature": 8, "goal": "77", "modified": "2011-03-12 14:44:26", "created": "2011-03-12 14:44:26"}}, {"pk": 12, "model": "fundrBase.featurestatusentry", "fields": {"status": "A", "feature": 2, "goal": "45", "modified": "2011-03-12 14:45:06", "created": "2011-03-12 14:45:06"}}, {"pk": 13, "model": "fundrBase.featurestatusentry", "fields": {"status": "A", "feature": 7, "goal": "1337", "modified": "2011-03-12 14:45:34", "created": "2011-03-12 14:45:34"}}, {"pk": 14, "model": "fundrBase.featurestatusentry", "fields": {"status": "R", "feature": 11, "goal": "100", "modified": "2011-03-12 18:26:47", "created": "2011-03-12 18:19:49"}}, {"pk": 15, "model": "fundrBase.featurestatusentry", "fields": {"status": "A", "feature": 12, "goal": "42", "modified": "2011-03-12 18:26:39", "created": "2011-03-12 18:24:53"}}, {"pk": 16, "model": "fundrBase.featurestatusentry", "fields": {"status": "R", "feature": 13, "goal": "100", "modified": "2011-03-12 18:38:27", "created": "2011-03-12 18:38:27"}}, {"pk": 17, "model": "fundrBase.featurestatusentry", "fields": {"status": "R", "feature": 14, "goal": "100", "modified": "2011-03-12 18:39:13", "created": "2011-03-12 18:39:13"}}, {"pk": 18, "model": "fundrBase.featurestatusentry", "fields": {"status": "R", "feature": 15, "goal": "100", "modified": "2011-03-12 20:25:29", "created": "2011-03-12 20:25:29"}}, {"pk": 1, "model": "fundrBase.donation", "fields": {"comment": "I just looove water!", "created": "2011-03-12 14:41:21", "feature": 8, "modified": "2011-03-12 14:41:21", "amount": "12", "user": 1}}, {"pk": 2, "model": "fundrBase.donation", "fields": {"comment": "More water ;)", "created": "2011-03-12 14:41:40", "feature": 8, "modified": "2011-03-12 14:41:40", "amount": "24", "user": 1}}, {"pk": 3, "model": "fundrBase.donation", "fields": {"comment": "<3 Apple", "created": "2011-03-12 14:42:00", "feature": 4, "modified": "2011-03-12 14:42:00", "amount": "10", "user": 1}}, {"pk": 4, "model": "fundrBase.donation", "fields": {"comment": "Ja, jeg synes ogs\u00e5 det er for sv\u00e6rt", "created": "2011-03-12 14:42:17", "feature": 3, "modified": "2011-03-12 14:42:17", "amount": "5", "user": 1}}, {"pk": 5, "model": "fundrBase.donation", "fields": {"comment": "Det er seri\u00f8st for sv\u00e6rt!", "created": "2011-03-12 14:42:33", "feature": 3, "modified": "2011-03-12 14:42:33", "amount": "12", "user": 1}}, {"pk": 6, "model": "fundrBase.donation", "fields": {"comment": "Ups, det var en fejl", "created": "2011-03-12 14:42:44", "feature": 3, "modified": "2011-03-12 14:42:44", "amount": "3", "user": 1}}, {"pk": 7, "model": "fundrBase.donation", "fields": {"comment": "MUST. HAVE. MORE. ROBOTS.", "created": "2011-03-12 14:43:09", "feature": 2, "modified": "2011-03-12 14:43:09", "amount": "45", "user": 1}}, {"pk": 8, "model": "fundrBase.donation", "fields": {"comment": ".rar-files", "created": "2011-03-12 14:43:28", "feature": 6, "modified": "2011-03-12 14:43:28", "amount": "33", "user": 1}}, {"pk": 9, "model": "fundrBase.donation", "fields": {"comment": "123", "created": "2011-03-12 15:49:20", "feature": 7, "modified": "2011-03-12 15:49:20", "amount": "334", "user": 1}}, {"pk": 10, "model": "fundrBase.donation", "fields": {"comment": "Spr\u00f8dt!", "created": "2011-03-12 20:25:29", "feature": 15, "modified": "2011-03-12 20:25:29", "amount": "666", "user": 1}}]
